date,profile_id,month_year,year
2019-01-01,168,01-2019,2019
2019-01-02,749,01-2019,2019
2019-01-03,1148,01-2019,2019
2019-01-04,801,01-2019,2019
2019-01-05,259,01-2019,2019
2019-01-06,202,01-2019,2019
2019-01-07,960,01-2019,2019
2019-01-08,1260,01-2019,2019
2019-01-09,1332,01-2019,2019
2019-01-10,1513,01-2019,2019
2019-01-11,1266,01-2019,2019
2019-01-12,404,01-2019,2019
2019-01-13,333,01-2019,2019
2019-01-14,1094,01-2019,2019
2019-01-15,1436,01-2019,2019
2019-01-16,1371,01-2019,2019
2019-01-17,1576,01-2019,2019
2019-01-18,1278,01-2019,2019
2019-01-19,405,01-2019,2019
2019-01-20,351,01-2019,2019
2019-01-21,1664,01-2019,2019
2019-01-22,1713,01-2019,2019
2019-01-23,1761,01-2019,2019
2019-01-24,1939,01-2019,2019
2019-01-25,1416,01-2019,2019
2019-01-26,451,01-2019,2019
2019-01-27,403,01-2019,2019
2019-01-28,1583,01-2019,2019
2019-01-29,1562,01-2019,2019
2019-01-30,1796,01-2019,2019
2019-01-31,1719,01-2019,2019
2019-02-01,1373,02-2019,2019
2019-02-02,311,02-2019,2019
2019-02-03,276,02-2019,2019
2019-02-04,1319,02-2019,2019
2019-02-05,1551,02-2019,2019
2019-02-06,1542,02-2019,2019
2019-02-07,1675,02-2019,2019
2019-02-08,1525,02-2019,2019
2019-02-09,395,02-2019,2019
2019-02-10,514,02-2019,2019
2019-02-11,1328,02-2019,2019
2019-02-12,1618,02-2019,2019
2019-02-13,1788,02-2019,2019
2019-02-14,1780,02-2019,2019
2019-02-15,1532,02-2019,2019
2019-02-16,411,02-2019,2019
2019-02-17,420,02-2019,2019
2019-02-18,1207,02-2019,2019
2019-02-19,1990,02-2019,2019
2019-02-20,2063,02-2019,2019
2019-02-21,2016,02-2019,2019
2019-02-22,1787,02-2019,2019
2019-02-23,769,02-2019,2019
2019-02-24,401,02-2019,2019
2019-02-25,1457,02-2019,2019
2019-02-26,1882,02-2019,2019
2019-02-27,2057,02-2019,2019
2019-02-28,2126,02-2019,2019
2019-03-01,1610,03-2019,2019
2019-03-02,478,03-2019,2019
2019-03-03,359,03-2019,2019
2019-03-04,1738,03-2019,2019
2019-03-05,1975,03-2019,2019
2019-03-06,1949,03-2019,2019
2019-03-07,1853,03-2019,2019
2019-03-08,1393,03-2019,2019
2019-03-09,447,03-2019,2019
2019-03-10,442,03-2019,2019
2019-03-11,1704,03-2019,2019
2019-03-12,2188,03-2019,2019
2019-03-13,1837,03-2019,2019
2019-03-14,1758,03-2019,2019
2019-03-15,1723,03-2019,2019
2019-03-16,392,03-2019,2019
2019-03-17,795,03-2019,2019
2019-03-18,1776,03-2019,2019
2019-03-19,2208,03-2019,2019
2019-03-20,1875,03-2019,2019
2019-03-21,1994,03-2019,2019
2019-03-22,1568,03-2019,2019
2019-03-23,366,03-2019,2019
2019-03-24,441,03-2019,2019
2019-03-25,1809,03-2019,2019
2019-03-26,1720,03-2019,2019
2019-03-27,1836,03-2019,2019
2019-03-28,1858,03-2019,2019
2019-03-29,1156,03-2019,2019
2019-03-30,397,03-2019,2019
2019-03-31,365,03-2019,2019
2019-04-01,1572,04-2019,2019
2019-04-02,1620,04-2019,2019
2019-04-03,1721,04-2019,2019
2019-04-04,1724,04-2019,2019
2019-04-05,1552,04-2019,2019
2019-04-06,441,04-2019,2019
2019-04-07,337,04-2019,2019
2019-04-08,1752,04-2019,2019
2019-04-09,2263,04-2019,2019
2019-04-10,2187,04-2019,2019
2019-04-11,1867,04-2019,2019
2019-04-12,1632,04-2019,2019
2019-04-13,566,04-2019,2019
2019-04-14,414,04-2019,2019
2019-04-15,1863,04-2019,2019
2019-04-16,2051,04-2019,2019
2019-04-17,2142,04-2019,2019
2019-04-18,2177,04-2019,2019
2019-04-19,1166,04-2019,2019
2019-04-20,348,04-2019,2019
2019-04-21,310,04-2019,2019
2019-04-22,1435,04-2019,2019
2019-04-23,2024,04-2019,2019
2019-04-24,1951,04-2019,2019
2019-04-25,2062,04-2019,2019
2019-04-26,1867,04-2019,2019
2019-04-27,571,04-2019,2019
2019-04-28,491,04-2019,2019
2019-04-29,1721,04-2019,2019
2019-04-30,1901,04-2019,2019
2019-05-01,1791,05-2019,2019
2019-05-02,2155,05-2019,2019
2019-05-03,1767,05-2019,2019
2019-05-04,479,05-2019,2019
2019-05-05,367,05-2019,2019
2019-05-06,1667,05-2019,2019
2019-05-07,3265,05-2019,2019
2019-05-08,2879,05-2019,2019
2019-05-09,2559,05-2019,2019
2019-05-10,2031,05-2019,2019
2019-05-11,617,05-2019,2019
2019-05-12,629,05-2019,2019
2019-05-13,1943,05-2019,2019
2019-05-14,2282,05-2019,2019
2019-05-15,2263,05-2019,2019
2019-05-16,1927,05-2019,2019
2019-05-17,1878,05-2019,2019
2019-05-18,477,05-2019,2019
2019-05-19,486,05-2019,2019
2019-05-20,1761,05-2019,2019
2019-05-21,1986,05-2019,2019
2019-05-22,2167,05-2019,2019
2019-05-23,2071,05-2019,2019
2019-05-24,1907,05-2019,2019
2019-05-25,1000,05-2019,2019
2019-05-26,540,05-2019,2019
2019-05-27,1314,05-2019,2019
2019-05-28,2277,05-2019,2019
2019-05-29,2394,05-2019,2019
2019-05-30,1958,05-2019,2019
2019-05-31,1505,05-2019,2019
2019-06-01,546,06-2019,2019
2019-06-02,425,06-2019,2019
2019-06-03,1886,06-2019,2019
2019-06-04,2345,06-2019,2019
2019-06-05,2139,06-2019,2019
2019-06-06,2318,06-2019,2019
2019-06-07,1659,06-2019,2019
2019-06-08,498,06-2019,2019
2019-06-09,435,06-2019,2019
2019-06-10,1884,06-2019,2019
2019-06-11,2061,06-2019,2019
2019-06-12,2396,06-2019,2019
2019-06-13,2617,06-2019,2019
2019-06-14,2015,06-2019,2019
2019-06-15,607,06-2019,2019
2019-06-16,563,06-2019,2019
2019-06-17,2066,06-2019,2019
2019-06-18,2461,06-2019,2019
2019-06-19,2395,06-2019,2019
2019-06-20,2287,06-2019,2019
2019-06-21,2149,06-2019,2019
2019-06-22,595,06-2019,2019
2019-06-23,615,06-2019,2019
2019-06-24,2327,06-2019,2019
2019-06-25,3011,06-2019,2019
2019-06-26,2597,06-2019,2019
2019-06-27,2619,06-2019,2019
2019-06-28,2109,06-2019,2019
2019-06-29,546,06-2019,2019
2019-06-30,540,06-2019,2019
2019-07-01,2090,07-2019,2019
2019-07-02,3001,07-2019,2019
2019-07-03,2609,07-2019,2019
2019-07-04,2007,07-2019,2019
2019-07-05,1646,07-2019,2019
2019-07-06,621,07-2019,2019
2019-07-07,589,07-2019,2019
2019-07-08,2420,07-2019,2019
2019-07-09,2984,07-2019,2019
2019-07-10,2771,07-2019,2019
2019-07-11,3325,07-2019,2019
2019-07-12,2209,07-2019,2019
2019-07-13,639,07-2019,2019
2019-07-14,661,07-2019,2019
2019-07-15,2359,07-2019,2019
2019-07-16,2801,07-2019,2019
2019-07-17,2394,07-2019,2019
2019-07-18,2968,07-2019,2019
2019-07-19,2538,07-2019,2019
2019-07-20,676,07-2019,2019
2019-07-21,736,07-2019,2019
2019-07-22,2223,07-2019,2019
2019-07-23,2799,07-2019,2019
2019-07-24,2579,07-2019,2019
2019-07-25,3056,07-2019,2019
2019-07-26,2343,07-2019,2019
2019-07-27,714,07-2019,2019
2019-07-28,722,07-2019,2019
2019-07-29,2320,07-2019,2019
2019-07-30,2447,07-2019,2019
2019-07-31,2495,07-2019,2019
2019-08-01,2666,08-2019,2019
2019-08-02,2169,08-2019,2019
2019-08-03,897,08-2019,2019
2019-08-04,651,08-2019,2019
2019-08-05,2277,08-2019,2019
2019-08-06,2638,08-2019,2019
2019-08-07,2771,08-2019,2019
2019-08-08,2767,08-2019,2019
2019-08-09,2449,08-2019,2019
2019-08-10,798,08-2019,2019
2019-08-11,867,08-2019,2019
2019-08-12,2537,08-2019,2019
2019-08-13,2539,08-2019,2019
2019-08-14,2821,08-2019,2019
2019-08-15,2513,08-2019,2019
2019-08-16,2397,08-2019,2019
2019-08-17,958,08-2019,2019
2019-08-18,744,08-2019,2019
2019-08-19,2330,08-2019,2019
2019-08-20,2755,08-2019,2019
2019-08-21,3326,08-2019,2019
2019-08-22,2918,08-2019,2019
2019-08-23,2176,08-2019,2019
2019-08-24,677,08-2019,2019
2019-08-25,651,08-2019,2019
2019-08-26,2213,08-2019,2019
2019-08-27,3946,08-2019,2019
2019-08-28,3848,08-2019,2019
2019-08-29,3435,08-2019,2019
2019-08-30,2505,08-2019,2019
2019-08-31,1122,08-2019,2019
2019-09-01,722,09-2019,2019
2019-09-02,1766,09-2019,2019
2019-09-03,2469,09-2019,2019
2019-09-04,2864,09-2019,2019
2019-09-05,3164,09-2019,2019
2019-09-06,2938,09-2019,2019
2019-09-07,1046,09-2019,2019
2019-09-08,756,09-2019,2019
2019-09-09,2487,09-2019,2019
2019-09-10,3086,09-2019,2019
2019-09-11,2987,09-2019,2019
2019-09-12,2886,09-2019,2019
2019-09-13,2532,09-2019,2019
2019-09-14,802,09-2019,2019
2019-09-15,774,09-2019,2019
2019-09-16,2535,09-2019,2019
2019-09-17,2758,09-2019,2019
2019-09-18,2902,09-2019,2019
2019-09-19,3037,09-2019,2019
2019-09-20,2542,09-2019,2019
2019-09-21,893,09-2019,2019
2019-09-22,804,09-2019,2019
2019-09-23,2810,09-2019,2019
2019-09-24,3348,09-2019,2019
2019-09-25,2915,09-2019,2019
2019-09-26,3374,09-2019,2019
2019-09-27,2941,09-2019,2019
2019-09-28,833,09-2019,2019
2019-09-29,828,09-2019,2019
2019-09-30,2381,09-2019,2019
2019-10-01,3220,10-2019,2019
2019-10-02,2820,10-2019,2019
2019-10-03,2771,10-2019,2019
2019-10-04,2700,10-2019,2019
2019-10-05,910,10-2019,2019
2019-10-06,895,10-2019,2019
2019-10-07,3000,10-2019,2019
2019-10-08,3360,10-2019,2019
2019-10-09,3259,10-2019,2019
2019-10-10,3527,10-2019,2019
2019-10-11,2548,10-2019,2019
2019-10-12,811,10-2019,2019
2019-10-13,873,10-2019,2019
2019-10-14,2550,10-2019,2019
2019-10-15,3059,10-2019,2019
2019-10-16,2955,10-2019,2019
2019-10-17,2948,10-2019,2019
2019-10-18,2572,10-2019,2019
2019-10-19,802,10-2019,2019
2019-10-20,750,10-2019,2019
2019-10-21,2335,10-2019,2019
2019-10-22,3026,10-2019,2019
2019-10-23,2794,10-2019,2019
2019-10-24,2732,10-2019,2019
2019-10-25,2288,10-2019,2019
2019-10-26,738,10-2019,2019
2019-10-27,729,10-2019,2019
2019-10-28,2347,10-2019,2019
2019-10-29,2846,10-2019,2019
2019-10-30,2628,10-2019,2019
2019-10-31,2700,10-2019,2019
2019-11-01,2204,11-2019,2019
2019-11-02,812,11-2019,2019
2019-11-03,1553,11-2019,2019
2019-11-04,2642,11-2019,2019
2019-11-05,3106,11-2019,2019
2019-11-06,3178,11-2019,2019
2019-11-07,3098,11-2019,2019
2019-11-08,2677,11-2019,2019
2019-11-09,920,11-2019,2019
2019-11-10,1007,11-2019,2019
2019-11-11,2569,11-2019,2019
2019-11-12,3538,11-2019,2019
2019-11-13,3380,11-2019,2019
2019-11-14,3433,11-2019,2019
2019-11-15,3017,11-2019,2019
2019-11-16,1036,11-2019,2019
2019-11-17,971,11-2019,2019
2019-11-18,3032,11-2019,2019
2019-11-19,3736,11-2019,2019
2019-11-20,3805,11-2019,2019
2019-11-21,3580,11-2019,2019
2019-11-22,4452,11-2019,2019
2019-11-23,1034,11-2019,2019
2019-11-24,959,11-2019,2019
2019-11-25,4292,11-2019,2019
2019-11-26,3460,11-2019,2019
2019-11-27,2423,11-2019,2019
2019-11-28,2371,11-2019,2019
2019-11-29,2131,11-2019,2019
2019-11-30,832,11-2019,2019
2019-12-01,956,12-2019,2019
2019-12-02,2837,12-2019,2019
2019-12-03,3567,12-2019,2019
2019-12-04,3694,12-2019,2019
2019-12-05,3629,12-2019,2019
2019-12-06,3002,12-2019,2019
2019-12-07,1016,12-2019,2019
2019-12-08,1116,12-2019,2019
2019-12-09,3161,12-2019,2019
2019-12-10,3122,12-2019,2019
2019-12-11,2986,12-2019,2019
2019-12-12,3223,12-2019,2019
2019-12-13,2635,12-2019,2019
2019-12-14,1147,12-2019,2019
2019-12-15,1035,12-2019,2019
2019-12-16,2937,12-2019,2019
2019-12-17,2964,12-2019,2019
2019-12-18,2822,12-2019,2019
2019-12-19,2794,12-2019,2019
2019-12-20,2271,12-2019,2019
2019-12-21,936,12-2019,2019
2019-12-22,778,12-2019,2019
2019-12-23,1605,12-2019,2019
2019-12-24,1177,12-2019,2019
2019-12-25,671,12-2019,2019
2019-12-26,1216,12-2019,2019
2019-12-27,1355,12-2019,2019
2019-12-28,947,12-2019,2019
2019-12-29,1036,12-2019,2019
2019-12-30,1576,12-2019,2019
2019-12-31,1453,12-2019,2019
2020-01-01,787,01-2020,2020
2020-01-02,2340,01-2020,2020
2020-01-03,2545,01-2020,2020
2020-01-04,1347,01-2020,2020
2020-01-05,1289,01-2020,2020
2020-01-06,2622,01-2020,2020
2020-01-07,3744,01-2020,2020
2020-01-08,3652,01-2020,2020
2020-01-09,3781,01-2020,2020
2020-01-10,3578,01-2020,2020
2020-01-11,1766,01-2020,2020
2020-01-12,1618,01-2020,2020
2020-01-13,4079,01-2020,2020
2020-01-14,4132,01-2020,2020
2020-01-15,3497,01-2020,2020
2020-01-16,3636,01-2020,2020
2020-01-17,3490,01-2020,2020
2020-01-18,1327,01-2020,2020
2020-01-19,1166,01-2020,2020
2020-01-20,3514,01-2020,2020
2020-01-21,3748,01-2020,2020
2020-01-22,3597,01-2020,2020
2020-01-23,3374,01-2020,2020
2020-01-24,3225,01-2020,2020
2020-01-25,1200,01-2020,2020
2020-01-26,1229,01-2020,2020
2020-01-27,2900,01-2020,2020
2020-01-28,3211,01-2020,2020
2020-01-29,4222,01-2020,2020
2020-01-30,3837,01-2020,2020
2020-01-31,3104,01-2020,2020
2020-02-01,1198,02-2020,2020
2020-02-02,1172,02-2020,2020
2020-02-03,3082,02-2020,2020
2020-02-04,4366,02-2020,2020
2020-02-05,4570,02-2020,2020
2020-02-06,5245,02-2020,2020
2020-02-07,3851,02-2020,2020
2020-02-08,1458,02-2020,2020
2020-02-09,1510,02-2020,2020
2020-02-10,4545,02-2020,2020
2020-02-11,4661,02-2020,2020
2020-02-12,4287,02-2020,2020
2020-02-13,4242,02-2020,2020
2020-02-14,3600,02-2020,2020
2020-02-15,1402,02-2020,2020
2020-02-16,1335,02-2020,2020
2020-02-17,3345,02-2020,2020
2020-02-18,3958,02-2020,2020
2020-02-19,4320,02-2020,2020
2020-02-20,4151,02-2020,2020
2020-02-21,3944,02-2020,2020
2020-02-22,1355,02-2020,2020
2020-02-23,1254,02-2020,2020
2020-02-24,3564,02-2020,2020
2020-02-25,3483,02-2020,2020
2020-02-26,3022,02-2020,2020
2020-02-27,3155,02-2020,2020
2020-02-28,2440,02-2020,2020
2020-02-29,938,02-2020,2020
2020-03-01,938,03-2020,2020
2020-03-02,2338,03-2020,2020
2020-03-03,3543,03-2020,2020
2020-03-04,3653,03-2020,2020
2020-03-05,3453,03-2020,2020
2020-03-06,3189,03-2020,2020
2020-03-07,1129,03-2020,2020
2020-03-08,1250,03-2020,2020
2020-03-09,3052,03-2020,2020
2020-03-10,3394,03-2020,2020
2020-03-11,4531,03-2020,2020
2020-03-12,3165,03-2020,2020
2020-03-13,2550,03-2020,2020
2020-03-14,1059,03-2020,2020
2020-03-15,1013,03-2020,2020
2020-03-16,2026,03-2020,2020
2020-03-17,2336,03-2020,2020
2020-03-18,2123,03-2020,2020
2020-03-19,2197,03-2020,2020
2020-03-20,1976,03-2020,2020
2020-03-21,1137,03-2020,2020
2020-03-22,1263,03-2020,2020
2020-03-23,2040,03-2020,2020
2020-03-24,2263,03-2020,2020
2020-03-25,2345,03-2020,2020
2020-03-26,2545,03-2020,2020
2020-03-27,2341,03-2020,2020
2020-03-28,1075,03-2020,2020
2020-03-29,1074,03-2020,2020
2020-03-30,2220,03-2020,2020
2020-03-31,2450,03-2020,2020
2020-04-01,2520,04-2020,2020
2020-04-02,2416,04-2020,2020
2020-04-03,2442,04-2020,2020
2020-04-04,1034,04-2020,2020
2020-04-05,2261,04-2020,2020
2020-04-06,2338,04-2020,2020
2020-04-07,2841,04-2020,2020
2020-04-08,3546,04-2020,2020
2020-04-09,3084,04-2020,2020
2020-04-10,2512,04-2020,2020
2020-04-11,1218,04-2020,2020
2020-04-12,1246,04-2020,2020
2020-04-13,2430,04-2020,2020
2020-04-14,3133,04-2020,2020
2020-04-15,3381,04-2020,2020
2020-04-16,3239,04-2020,2020
2020-04-17,2958,04-2020,2020
2020-04-18,1636,04-2020,2020
2020-04-19,1267,04-2020,2020
2020-04-20,3060,04-2020,2020
2020-04-21,3352,04-2020,2020
2020-04-22,3674,04-2020,2020
2020-04-23,3877,04-2020,2020
2020-04-24,3248,04-2020,2020
2020-04-25,1281,04-2020,2020
2020-04-26,1317,04-2020,2020
2020-04-27,3183,04-2020,2020
2020-04-28,3742,04-2020,2020
2020-04-29,3570,04-2020,2020
2020-04-30,3097,04-2020,2020
2020-05-01,2462,05-2020,2020
2020-05-02,1398,05-2020,2020
2020-05-03,1296,05-2020,2020
2020-05-04,3137,05-2020,2020
2020-05-05,3695,05-2020,2020
2020-05-06,3590,05-2020,2020
2020-05-07,3524,05-2020,2020
2020-05-08,2841,05-2020,2020
2020-05-09,1423,05-2020,2020
2020-05-10,1125,05-2020,2020
2020-05-11,2963,05-2020,2020
2020-05-12,3498,05-2020,2020
2020-05-13,3584,05-2020,2020
2020-05-14,3788,05-2020,2020
2020-05-15,3288,05-2020,2020
2020-05-16,1499,05-2020,2020
2020-05-17,1456,05-2020,2020
2020-05-18,3279,05-2020,2020
2020-05-19,3596,05-2020,2020
2020-05-20,3983,05-2020,2020
2020-05-21,3800,05-2020,2020
2020-05-22,2898,05-2020,2020
2020-05-23,1637,05-2020,2020
2020-05-24,1266,05-2020,2020
2020-05-25,2272,05-2020,2020
2020-05-26,3386,05-2020,2020
2020-05-27,3677,05-2020,2020
2020-05-28,3328,05-2020,2020
2020-05-29,2997,05-2020,2020
2020-05-30,1204,05-2020,2020
2020-05-31,1051,05-2020,2020
2020-06-01,2766,06-2020,2020
2020-06-02,3462,06-2020,2020
2020-06-03,3579,06-2020,2020
2020-06-04,3568,06-2020,2020
2020-06-05,3293,06-2020,2020
2020-06-06,1328,06-2020,2020
2020-06-07,1165,06-2020,2020
2020-06-08,3198,06-2020,2020
2020-06-09,3791,06-2020,2020
2020-06-10,3954,06-2020,2020
2020-06-11,3994,06-2020,2020
2020-06-12,3129,06-2020,2020
2020-06-13,1242,06-2020,2020
2020-06-14,1139,06-2020,2020
2020-06-15,3414,06-2020,2020
2020-06-16,3975,06-2020,2020
2020-06-17,3899,06-2020,2020
2020-06-18,3926,06-2020,2020
2020-06-19,3085,06-2020,2020
2020-06-20,1149,06-2020,2020
2020-06-21,1174,06-2020,2020
2020-06-22,3161,06-2020,2020
2020-06-23,3437,06-2020,2020
2020-06-24,3644,06-2020,2020
2020-06-25,3503,06-2020,2020
2020-06-26,3254,06-2020,2020
2020-06-27,1223,06-2020,2020
2020-06-28,1194,06-2020,2020
2020-06-29,8174,06-2020,2020
2020-06-30,6549,06-2020,2020
2020-07-01,4496,07-2020,2020
2020-07-02,3995,07-2020,2020
2020-07-03,2915,07-2020,2020
2020-07-04,1340,07-2020,2020
2020-07-05,1473,07-2020,2020
2020-07-06,3894,07-2020,2020
2020-07-07,4055,07-2020,2020
2020-07-08,4062,07-2020,2020
2020-07-09,3698,07-2020,2020
2020-07-10,3404,07-2020,2020
2020-07-11,1426,07-2020,2020
2020-07-12,1164,07-2020,2020
2020-07-13,2671,07-2020,2020
2020-07-14,3172,07-2020,2020
2020-07-15,3193,07-2020,2020
2020-07-16,3612,07-2020,2020
2020-07-17,2598,07-2020,2020
2020-07-18,1141,07-2020,2020
2020-07-19,1181,07-2020,2020
2020-07-20,2883,07-2020,2020
2020-07-21,3441,07-2020,2020
2020-07-22,3707,07-2020,2020
2020-07-23,4293,07-2020,2020
2020-07-24,2795,07-2020,2020
2020-07-25,1384,07-2020,2020
2020-07-26,1037,07-2020,2020
2020-07-27,3094,07-2020,2020
2020-07-28,3196,07-2020,2020
2020-07-29,5468,07-2020,2020
2020-07-30,3055,07-2020,2020
2020-07-31,2448,07-2020,2020
2020-08-01,876,08-2020,2020
2020-08-02,1037,08-2020,2020
2020-08-03,2810,08-2020,2020
2020-08-04,3073,08-2020,2020
2020-08-05,3539,08-2020,2020
2020-08-06,3589,08-2020,2020
2020-08-07,2745,08-2020,2020
2020-08-08,1223,08-2020,2020
2020-08-09,1284,08-2020,2020
2020-08-10,2980,08-2020,2020
2020-08-11,3353,08-2020,2020
2020-08-12,3400,08-2020,2020
2020-08-13,3555,08-2020,2020
2020-08-14,2675,08-2020,2020
2020-08-15,942,08-2020,2020
2020-08-16,1179,08-2020,2020
2020-08-17,3075,08-2020,2020
2020-08-18,3660,08-2020,2020
2020-08-19,3397,08-2020,2020
2020-08-20,3162,08-2020,2020
2020-08-21,2501,08-2020,2020
2020-08-22,1108,08-2020,2020
2020-08-23,1066,08-2020,2020
2020-08-24,3146,08-2020,2020
2020-08-25,3458,08-2020,2020
2020-08-26,3356,08-2020,2020
2020-08-27,3123,08-2020,2020
2020-08-28,3057,08-2020,2020
2020-08-29,943,08-2020,2020
2020-08-30,1131,08-2020,2020
2020-08-31,2701,08-2020,2020
2020-09-01,3394,09-2020,2020
2020-09-02,3416,09-2020,2020
2020-09-03,4075,09-2020,2020
2020-09-04,2533,09-2020,2020
2020-09-05,1145,09-2020,2020
2020-09-06,1177,09-2020,2020
2020-09-07,2034,09-2020,2020
2020-09-08,3878,09-2020,2020
2020-09-09,3950,09-2020,2020
2020-09-10,3357,09-2020,2020
2020-09-11,3142,09-2020,2020
2020-09-12,1084,09-2020,2020
2020-09-13,1081,09-2020,2020
2020-09-14,3219,09-2020,2020
2020-09-15,3893,09-2020,2020
2020-09-16,3521,09-2020,2020
2020-09-17,3277,09-2020,2020
2020-09-18,2896,09-2020,2020
2020-09-19,1083,09-2020,2020
2020-09-20,1295,09-2020,2020
2020-09-21,3244,09-2020,2020
2020-09-22,3296,09-2020,2020
2020-09-23,3229,09-2020,2020
2020-09-24,3192,09-2020,2020
2020-09-25,2444,09-2020,2020
2020-09-26,1083,09-2020,2020
2020-09-27,920,09-2020,2020
2020-09-28,3004,09-2020,2020
2020-09-29,3667,09-2020,2020
2020-09-30,4033,09-2020,2020
2020-10-01,4871,10-2020,2020
2020-10-02,2512,10-2020,2020
2020-10-03,1030,10-2020,2020
2020-10-04,1144,10-2020,2020
2020-10-05,3492,10-2020,2020
2020-10-06,3847,10-2020,2020
2020-10-07,3775,10-2020,2020
2020-10-08,3874,10-2020,2020
2020-10-09,2944,10-2020,2020
2020-10-10,1118,10-2020,2020
2020-10-11,926,10-2020,2020
2020-10-12,2934,10-2020,2020
2020-10-13,3526,10-2020,2020
2020-10-14,3329,10-2020,2020
2020-10-15,3252,10-2020,2020
2020-10-16,2978,10-2020,2020
2020-10-17,1048,10-2020,2020
2020-10-18,1300,10-2020,2020
2020-10-19,3250,10-2020,2020
2020-10-20,4253,10-2020,2020
2020-10-21,3424,10-2020,2020
2020-10-22,4132,10-2020,2020
2020-10-23,2779,10-2020,2020
2020-10-24,1070,10-2020,2020
2020-10-25,1108,10-2020,2020
2020-10-26,2811,10-2020,2020
2020-10-27,4945,10-2020,2020
2020-10-28,3640,10-2020,2020
2020-10-29,3395,10-2020,2020
2020-10-30,2948,10-2020,2020
2020-10-31,921,10-2020,2020
2020-11-01,806,11-2020,2020
2020-11-02,2530,11-2020,2020
2020-11-03,3108,11-2020,2020
2020-11-04,2932,11-2020,2020
2020-11-05,3123,11-2020,2020
2020-11-06,2588,11-2020,2020
2020-11-07,1051,11-2020,2020
2020-11-08,956,11-2020,2020
2020-11-09,3043,11-2020,2020
2020-11-10,3125,11-2020,2020
2020-11-11,2930,11-2020,2020
2020-11-12,3257,11-2020,2020
2020-11-13,2985,11-2020,2020
2020-11-14,963,11-2020,2020
2020-11-15,1014,11-2020,2020
2020-11-16,3044,11-2020,2020
2020-11-17,3421,11-2020,2020
2020-11-18,3348,11-2020,2020
2020-11-19,3116,11-2020,2020
2020-11-20,2756,11-2020,2020
2020-11-21,1226,11-2020,2020
2020-11-22,1490,11-2020,2020
2020-11-23,3435,11-2020,2020
2020-11-24,3145,11-2020,2020
2020-11-25,2605,11-2020,2020
2020-11-26,1926,11-2020,2020
2020-11-27,1775,11-2020,2020
2020-11-28,822,11-2020,2020
2020-11-29,963,11-2020,2020
2020-11-30,2554,11-2020,2020
2020-12-01,2781,12-2020,2020
2020-12-02,3029,12-2020,2020
2020-12-03,2924,12-2020,2020
2020-12-04,2338,12-2020,2020
2020-12-05,1106,12-2020,2020
2020-12-06,1554,12-2020,2020
2020-12-07,2403,12-2020,2020
2020-12-08,2574,12-2020,2020
2020-12-09,3131,12-2020,2020
2020-12-10,2848,12-2020,2020
2020-12-11,2353,12-2020,2020
2020-12-12,955,12-2020,2020
2020-12-13,853,12-2020,2020
2020-12-14,2239,12-2020,2020
2020-12-15,2826,12-2020,2020
2020-12-16,2596,12-2020,2020
2020-12-17,2538,12-2020,2020
2020-12-18,2061,12-2020,2020
2020-12-19,930,12-2020,2020
2020-12-20,1116,12-2020,2020
2020-12-21,1763,12-2020,2020
2020-12-22,1804,12-2020,2020
2020-12-23,1459,12-2020,2020
2020-12-24,841,12-2020,2020
2020-12-25,487,12-2020,2020
2020-12-26,657,12-2020,2020
2020-12-27,720,12-2020,2020
2020-12-28,1499,12-2020,2020
2020-12-29,1614,12-2020,2020
2020-12-30,1342,12-2020,2020
2020-12-31,991,12-2020,2020
2021-01-01,633,01-2021,2021
2021-01-02,865,01-2021,2021
2021-01-03,1034,01-2021,2021
2021-01-04,2296,01-2021,2021
2021-01-05,2685,01-2021,2021
2021-01-06,2630,01-2021,2021
2021-01-07,2513,01-2021,2021
2021-01-08,2564,01-2021,2021
2021-01-09,1082,01-2021,2021
2021-01-10,937,01-2021,2021
2021-01-11,3038,01-2021,2021
2021-01-12,3280,01-2021,2021
2021-01-13,2947,01-2021,2021
2021-01-14,2693,01-2021,2021
2021-01-15,2159,01-2021,2021
2021-01-16,927,01-2021,2021
2021-01-17,952,01-2021,2021
2021-01-18,2415,01-2021,2021
2021-01-19,2975,01-2021,2021
2021-01-20,3000,01-2021,2021
2021-01-21,3155,01-2021,2021
2021-01-22,2625,01-2021,2021
2021-01-23,960,01-2021,2021
2021-01-24,1213,01-2021,2021
2021-01-25,3019,01-2021,2021
2021-01-26,3269,01-2021,2021
2021-01-27,2985,01-2021,2021
2021-01-28,2926,01-2021,2021
2021-01-29,2372,01-2021,2021
2021-01-30,949,01-2021,2021
2021-01-31,1167,01-2021,2021
2021-02-01,3077,02-2021,2021
2021-02-02,3006,02-2021,2021
2021-02-03,3046,02-2021,2021
2021-02-04,3055,02-2021,2021
2021-02-05,2642,02-2021,2021
2021-02-06,1093,02-2021,2021
2021-02-07,1115,02-2021,2021
2021-02-08,2555,02-2021,2021
2021-02-09,3419,02-2021,2021
2021-02-10,3262,02-2021,2021
2021-02-11,2849,02-2021,2021
2021-02-12,2570,02-2021,2021
2021-02-13,1013,02-2021,2021
2021-02-14,1221,02-2021,2021
2021-02-15,2487,02-2021,2021
2021-02-16,2821,02-2021,2021
2021-02-17,2767,02-2021,2021
2021-02-18,2979,02-2021,2021
2021-02-19,2875,02-2021,2021
2021-02-20,1116,02-2021,2021
2021-02-21,1081,02-2021,2021
2021-02-22,3141,02-2021,2021
2021-02-23,3072,02-2021,2021
2021-02-24,3022,02-2021,2021
2021-02-25,3273,02-2021,2021
2021-02-26,2751,02-2021,2021
2021-02-27,1091,02-2021,2021
2021-02-28,1004,02-2021,2021
2021-03-01,2713,03-2021,2021
2021-03-02,3466,03-2021,2021
2021-03-03,3320,03-2021,2021
2021-03-04,3062,03-2021,2021
2021-03-05,2523,03-2021,2021
2021-03-06,1073,03-2021,2021
2021-03-07,1174,03-2021,2021
2021-03-08,2676,03-2021,2021
2021-03-09,3076,03-2021,2021
2021-03-10,3076,03-2021,2021
2021-03-11,2990,03-2021,2021
2021-03-12,2658,03-2021,2021
2021-03-13,928,03-2021,2021
2021-03-14,949,03-2021,2021
2021-03-15,2869,03-2021,2021
2021-03-16,2904,03-2021,2021
2021-03-17,3167,03-2021,2021
2021-03-18,3420,03-2021,2021
2021-03-19,2535,03-2021,2021
2021-03-20,1220,03-2021,2021
2021-03-21,925,03-2021,2021
2021-03-22,2384,03-2021,2021
2021-03-23,2721,03-2021,2021
2021-03-24,2923,03-2021,2021
2021-03-25,2785,03-2021,2021
2021-03-26,2564,03-2021,2021
2021-03-27,819,03-2021,2021
2021-03-28,914,03-2021,2021
2021-03-29,2751,03-2021,2021
2021-03-30,2847,03-2021,2021
2021-03-31,2446,03-2021,2021
2021-04-01,2408,04-2021,2021
2021-04-02,1609,04-2021,2021
2021-04-03,910,04-2021,2021
2021-04-04,1141,04-2021,2021
2021-04-05,1988,04-2021,2021
2021-04-06,2738,04-2021,2021
2021-04-07,2969,04-2021,2021
2021-04-08,2752,04-2021,2021
2021-04-09,2280,04-2021,2021
2021-04-10,910,04-2021,2021
2021-04-11,845,04-2021,2021
2021-04-12,2848,04-2021,2021
2021-04-13,2950,04-2021,2021
2021-04-14,2794,04-2021,2021
2021-04-15,2858,04-2021,2021
2021-04-16,2182,04-2021,2021
2021-04-17,899,04-2021,2021
2021-04-18,785,04-2021,2021
2021-04-19,2921,04-2021,2021
2021-04-20,2831,04-2021,2021
2021-04-21,3037,04-2021,2021
2021-04-22,2803,04-2021,2021
2021-04-23,2397,04-2021,2021
2021-04-24,958,04-2021,2021
2021-04-25,956,04-2021,2021
2021-04-26,2961,04-2021,2021
2021-04-27,2811,04-2021,2021
2021-04-28,2833,04-2021,2021
2021-04-29,2949,04-2021,2021
2021-04-30,2060,04-2021,2021
2021-05-01,672,05-2021,2021
2021-05-02,623,05-2021,2021
2021-05-03,2071,05-2021,2021
2021-05-04,2842,05-2021,2021
2021-05-05,3184,05-2021,2021
2021-05-06,2934,05-2021,2021
2021-05-07,2320,05-2021,2021
2021-05-08,940,05-2021,2021
2021-05-09,891,05-2021,2021
2021-05-10,2725,05-2021,2021
2021-05-11,2841,05-2021,2021
2021-05-12,2899,05-2021,2021
2021-05-13,2253,05-2021,2021
2021-05-14,2167,05-2021,2021
2021-05-15,837,05-2021,2021
2021-05-16,664,05-2021,2021
2021-05-17,2328,05-2021,2021
2021-05-18,2881,05-2021,2021
2021-05-19,2588,05-2021,2021
2021-05-20,3015,05-2021,2021
2021-05-21,2255,05-2021,2021
2021-05-22,805,05-2021,2021
2021-05-23,786,05-2021,2021
2021-05-24,2389,05-2021,2021
2021-05-25,2778,05-2021,2021
2021-05-26,2967,05-2021,2021
2021-05-27,2604,05-2021,2021
2021-05-28,2746,05-2021,2021
2021-05-29,1210,05-2021,2021
2021-05-30,1009,05-2021,2021
2021-05-31,1773,05-2021,2021
2021-06-01,2845,06-2021,2021
2021-06-02,3429,06-2021,2021
2021-06-03,2800,06-2021,2021
2021-06-04,2230,06-2021,2021
2021-06-05,731,06-2021,2021
2021-06-06,830,06-2021,2021
2021-06-07,2991,06-2021,2021
2021-06-08,3180,06-2021,2021
2021-06-09,3350,06-2021,2021
2021-06-10,3187,06-2021,2021
2021-06-11,2913,06-2021,2021
2021-06-12,1173,06-2021,2021
2021-06-13,1074,06-2021,2021
2021-06-14,2610,06-2021,2021
2021-06-15,3296,06-2021,2021
2021-06-16,3066,06-2021,2021
2021-06-17,2741,06-2021,2021
2021-06-18,2461,06-2021,2021
2021-06-19,937,06-2021,2021
2021-06-20,988,06-2021,2021
2021-06-21,2812,06-2021,2021
2021-06-22,2763,06-2021,2021
2021-06-23,2929,06-2021,2021
2021-06-24,2629,06-2021,2021
2021-06-25,2237,06-2021,2021
2021-06-26,767,06-2021,2021
2021-06-27,1033,06-2021,2021
2021-06-28,2824,06-2021,2021
2021-06-29,2693,06-2021,2021
2021-06-30,2558,06-2021,2021
2021-07-01,2543,07-2021,2021
2021-07-02,1971,07-2021,2021
2021-07-03,1073,07-2021,2021
2021-07-04,1269,07-2021,2021
2021-07-05,2228,07-2021,2021
2021-07-06,2806,07-2021,2021
2021-07-07,2445,07-2021,2021
2021-07-08,2751,07-2021,2021
2021-07-09,2424,07-2021,2021
2021-07-10,910,07-2021,2021
2021-07-11,882,07-2021,2021
2021-07-12,2367,07-2021,2021
2021-07-13,2596,07-2021,2021
2021-07-14,2605,07-2021,2021
2021-07-15,2283,07-2021,2021
2021-07-16,2069,07-2021,2021
2021-07-17,749,07-2021,2021
2021-07-18,743,07-2021,2021
2021-07-19,2196,07-2021,2021
2021-07-20,2281,07-2021,2021
2021-07-21,2467,07-2021,2021
2021-07-22,2459,07-2021,2021
2021-07-23,1976,07-2021,2021
2021-07-24,1006,07-2021,2021
2021-07-25,1005,07-2021,2021
2021-07-26,2296,07-2021,2021
2021-07-27,2572,07-2021,2021
2021-07-28,2507,07-2021,2021
2021-07-29,2414,07-2021,2021
2021-07-30,1984,07-2021,2021
2021-07-31,1266,07-2021,2021
2021-08-01,1059,08-2021,2021
2021-08-02,2349,08-2021,2021
2021-08-03,2453,08-2021,2021
2021-08-04,2498,08-2021,2021
2021-08-05,2736,08-2021,2021
2021-08-06,2502,08-2021,2021
2021-08-07,1112,08-2021,2021
2021-08-08,1223,08-2021,2021
2021-08-09,2529,08-2021,2021
2021-08-10,2894,08-2021,2021
2021-08-11,2699,08-2021,2021
2021-08-12,2535,08-2021,2021
2021-08-13,8971,08-2021,2021
2021-08-14,3191,08-2021,2021
2021-08-15,2034,08-2021,2021
2021-08-16,3159,08-2021,2021
2021-08-17,3164,08-2021,2021
2021-08-18,2939,08-2021,2021
2021-08-19,2589,08-2021,2021
2021-08-20,1879,08-2021,2021
2021-08-21,1309,08-2021,2021
2021-08-22,1345,08-2021,2021
2021-08-23,3106,08-2021,2021
2021-08-24,3194,08-2021,2021
2021-08-25,2882,08-2021,2021
2021-08-26,3022,08-2021,2021
2021-08-27,2627,08-2021,2021
2021-08-28,1171,08-2021,2021
2021-08-29,1259,08-2021,2021
2021-08-30,2452,08-2021,2021
2021-08-31,3053,08-2021,2021
2021-09-01,2701,09-2021,2021
2021-09-02,2993,09-2021,2021
2021-09-03,1946,09-2021,2021
2021-09-04,902,09-2021,2021
2021-09-05,1149,09-2021,2021
2021-09-06,1636,09-2021,2021
2021-09-07,2409,09-2021,2021
2021-09-08,2811,09-2021,2021
2021-09-09,2770,09-2021,2021
2021-09-10,2527,09-2021,2021
2021-09-11,964,09-2021,2021
2021-09-12,1035,09-2021,2021
2021-09-13,2679,09-2021,2021
2021-09-14,3075,09-2021,2021
2021-09-15,3348,09-2021,2021
2021-09-16,3087,09-2021,2021
2021-09-17,2473,09-2021,2021
2021-09-18,904,09-2021,2021
2021-09-19,953,09-2021,2021
2021-09-20,2704,09-2021,2021
2021-09-21,3020,09-2021,2021
2021-09-22,3235,09-2021,2021
2021-09-23,3012,09-2021,2021
2021-09-24,2719,09-2021,2021
2021-09-25,1337,09-2021,2021
2021-09-26,858,09-2021,2021
2021-09-27,3163,09-2021,2021
2021-09-28,4008,09-2021,2021
2021-09-29,4110,09-2021,2021
2021-09-30,2664,09-2021,2021
2021-10-01,2352,10-2021,2021
2021-10-02,979,10-2021,2021
2021-10-03,913,10-2021,2021
2021-10-04,2946,10-2021,2021
2021-10-05,3828,10-2021,2021
2021-10-06,4402,10-2021,2021
2021-10-07,3310,10-2021,2021
2021-10-08,2341,10-2021,2021
2021-10-09,794,10-2021,2021
2021-10-10,951,10-2021,2021
2021-10-11,2445,10-2021,2021
2021-10-12,2701,10-2021,2021
2021-10-13,2965,10-2021,2021
2021-10-14,2774,10-2021,2021
2021-10-15,2327,10-2021,2021
2021-10-16,895,10-2021,2021
2021-10-17,1014,10-2021,2021
2021-10-18,2862,10-2021,2021
2021-10-19,2863,10-2021,2021
2021-10-20,2889,10-2021,2021
2021-10-21,2741,10-2021,2021
2021-10-22,2326,10-2021,2021
2021-10-23,949,10-2021,2021
2021-10-24,979,10-2021,2021
2021-10-25,2701,10-2021,2021
2021-10-26,2792,10-2021,2021
2021-10-27,2709,10-2021,2021
2021-10-28,2777,10-2021,2021
2021-10-29,2631,10-2021,2021
2021-10-30,893,10-2021,2021
2021-10-31,897,10-2021,2021
2021-11-01,2116,11-2021,2021
2021-11-02,2929,11-2021,2021
2021-11-03,2368,11-2021,2021
2021-11-04,2407,11-2021,2021
2021-11-05,2503,11-2021,2021
2021-11-06,799,11-2021,2021
2021-11-07,1083,11-2021,2021
2021-11-08,2674,11-2021,2021
2021-11-09,2727,11-2021,2021
2021-11-10,2469,11-2021,2021
2021-11-11,2418,11-2021,2021
2021-11-12,2171,11-2021,2021
2021-11-13,890,11-2021,2021
2021-11-14,905,11-2021,2021
2021-11-15,2381,11-2021,2021
2021-11-16,2568,11-2021,2021
2021-11-17,2293,11-2021,2021
2021-11-18,2668,11-2021,2021
2021-11-19,2218,11-2021,2021
2021-11-20,860,11-2021,2021
2021-11-21,920,11-2021,2021
2021-11-22,2352,11-2021,2021
2021-11-23,2516,11-2021,2021
2021-11-24,2430,11-2021,2021
2021-11-25,1576,11-2021,2021
2021-11-26,1562,11-2021,2021
2021-11-27,800,11-2021,2021
2021-11-28,915,11-2021,2021
2021-11-29,2411,11-2021,2021
2021-11-30,2700,11-2021,2021
2021-12-01,2417,12-2021,2021
2021-12-02,2579,12-2021,2021
2021-12-03,2154,12-2021,2021
2021-12-04,837,12-2021,2021
2021-12-05,986,12-2021,2021
2021-12-06,2495,12-2021,2021
2021-12-07,2846,12-2021,2021
2021-12-08,2764,12-2021,2021
2021-12-09,2351,12-2021,2021
2021-12-10,2124,12-2021,2021
2021-12-11,869,12-2021,2021
2021-12-12,851,12-2021,2021
2021-12-13,2735,12-2021,2021
2021-12-14,2329,12-2021,2021
2021-12-15,2234,12-2021,2021
2021-12-16,2255,12-2021,2021
2021-12-17,1705,12-2021,2021
2021-12-18,749,12-2021,2021
2021-12-19,772,12-2021,2021
2021-12-20,1908,12-2021,2021
2021-12-21,1939,12-2021,2021
2021-12-22,1797,12-2021,2021
2021-12-23,1292,12-2021,2021
2021-12-24,737,12-2021,2021
2021-12-25,540,12-2021,2021
2021-12-26,715,12-2021,2021
2021-12-27,1267,12-2021,2021
2021-12-28,1251,12-2021,2021
2021-12-29,1553,12-2021,2021
2021-12-30,1294,12-2021,2021
2021-12-31,731,12-2021,2021
2022-01-01,666,01-2022,2022
2022-01-02,749,01-2022,2022
2022-01-03,1819,01-2022,2022
2022-01-04,2479,01-2022,2022
2022-01-05,2436,01-2022,2022
2022-01-06,2387,01-2022,2022
2022-01-07,2312,01-2022,2022
2022-01-08,1201,01-2022,2022
2022-01-09,975,01-2022,2022
2022-01-10,2733,01-2022,2022
2022-01-11,3288,01-2022,2022
2022-01-12,2796,01-2022,2022
2022-01-13,2895,01-2022,2022
2022-01-14,2421,01-2022,2022
2022-01-15,1034,01-2022,2022
2022-01-16,974,01-2022,2022
2022-01-17,2418,01-2022,2022
2022-01-18,2715,01-2022,2022
2022-01-19,2847,01-2022,2022
2022-01-20,3035,01-2022,2022
2022-01-21,2321,01-2022,2022
2022-01-22,974,01-2022,2022
2022-01-23,986,01-2022,2022
2022-01-24,2779,01-2022,2022
2022-01-25,2975,01-2022,2022
2022-01-26,3233,01-2022,2022
2022-01-27,2998,01-2022,2022
2022-01-28,2640,01-2022,2022
2022-01-29,1036,01-2022,2022
2022-01-30,1224,01-2022,2022
2022-01-31,3043,01-2022,2022
2022-02-01,3189,02-2022,2022
2022-02-02,4004,02-2022,2022
2022-02-03,3403,02-2022,2022
2022-02-04,2825,02-2022,2022
2022-02-05,1108,02-2022,2022
2022-02-06,1066,02-2022,2022
2022-02-07,3239,02-2022,2022
2022-02-08,3309,02-2022,2022
2022-02-09,3299,02-2022,2022
2022-02-10,2866,02-2022,2022
2022-02-11,2490,02-2022,2022
2022-02-12,971,02-2022,2022
2022-02-13,835,02-2022,2022
2022-02-14,2982,02-2022,2022
2022-02-15,2813,02-2022,2022
2022-02-16,3431,02-2022,2022
2022-02-17,3183,02-2022,2022
2022-02-18,2398,02-2022,2022
2022-02-19,997,02-2022,2022
2022-02-20,1076,02-2022,2022
2022-02-21,2396,02-2022,2022
2022-02-22,2933,02-2022,2022
2022-02-23,2913,02-2022,2022
2022-02-24,2406,02-2022,2022
2022-02-25,2371,02-2022,2022
2022-02-26,866,02-2022,2022
2022-02-27,900,02-2022,2022
2022-02-28,2716,02-2022,2022
2022-03-01,2774,03-2022,2022
2022-03-02,2750,03-2022,2022
2022-03-03,2782,03-2022,2022
2022-03-04,2321,03-2022,2022
2022-03-05,967,03-2022,2022
2022-03-06,904,03-2022,2022
2022-03-07,2484,03-2022,2022
2022-03-08,2747,03-2022,2022
2022-03-09,2754,03-2022,2022
2022-03-10,3072,03-2022,2022
2022-03-11,2644,03-2022,2022
2022-03-12,921,03-2022,2022
2022-03-13,919,03-2022,2022
2022-03-14,3077,03-2022,2022
2022-03-15,2964,03-2022,2022
2022-03-16,2913,03-2022,2022
2022-03-17,2888,03-2022,2022
2022-03-18,1962,03-2022,2022
2022-03-19,870,03-2022,2022
2022-03-20,893,03-2022,2022
2022-03-21,2598,03-2022,2022
2022-03-22,3012,03-2022,2022
2022-03-23,3072,03-2022,2022
2022-03-24,3270,03-2022,2022
2022-03-25,2303,03-2022,2022
2022-03-26,918,03-2022,2022
2022-03-27,981,03-2022,2022
2022-03-28,2777,03-2022,2022
2022-03-29,2932,03-2022,2022
2022-03-30,2883,03-2022,2022
2022-03-31,2776,03-2022,2022
2022-04-01,2367,04-2022,2022
2022-04-02,863,04-2022,2022
2022-04-03,987,04-2022,2022
2022-04-04,2773,04-2022,2022
2022-04-05,2712,04-2022,2022
2022-04-06,2690,04-2022,2022
2022-04-07,2729,04-2022,2022
2022-04-08,2160,04-2022,2022
2022-04-09,810,04-2022,2022
2022-04-10,805,04-2022,2022
2022-04-11,2515,04-2022,2022
2022-04-12,2696,04-2022,2022
2022-04-13,2532,04-2022,2022
2022-04-14,2981,04-2022,2022
2022-04-15,1331,04-2022,2022
2022-04-16,789,04-2022,2022
2022-04-17,750,04-2022,2022
2022-04-18,2128,04-2022,2022
2022-04-19,2426,04-2022,2022
2022-04-20,2547,04-2022,2022
2022-04-21,2567,04-2022,2022
2022-04-22,2186,04-2022,2022
2022-04-23,901,04-2022,2022
2022-04-24,1030,04-2022,2022
2022-04-25,2562,04-2022,2022
2022-04-26,2685,04-2022,2022
2022-04-27,2861,04-2022,2022
2022-04-28,2659,04-2022,2022
2022-04-29,2275,04-2022,2022
2022-04-30,828,04-2022,2022
2022-05-01,893,05-2022,2022
2022-05-02,2059,05-2022,2022
2022-05-03,2292,05-2022,2022
2022-05-04,2577,05-2022,2022
2022-05-05,2380,05-2022,2022
2022-05-06,2413,05-2022,2022
2022-05-07,838,05-2022,2022
2022-05-08,828,05-2022,2022
2022-05-09,2414,05-2022,2022
2022-05-10,2584,05-2022,2022
2022-05-11,2622,05-2022,2022
2022-05-12,2642,05-2022,2022
2022-05-13,2291,05-2022,2022
2022-05-14,850,05-2022,2022
2022-05-15,821,05-2022,2022
2022-05-16,2217,05-2022,2022
2022-05-17,2592,05-2022,2022
2022-05-18,2618,05-2022,2022
2022-05-19,2617,05-2022,2022
2022-05-20,2453,05-2022,2022
2022-05-21,802,05-2022,2022
2022-05-22,890,05-2022,2022
2022-05-23,2801,05-2022,2022
2022-05-24,3093,05-2022,2022
2022-05-25,2640,05-2022,2022
2022-05-26,2223,05-2022,2022
2022-05-27,2000,05-2022,2022
2022-05-28,701,05-2022,2022
2022-05-29,898,05-2022,2022
2022-05-30,1819,05-2022,2022
2022-05-31,2566,05-2022,2022
2022-06-01,2541,06-2022,2022
2022-06-02,2523,06-2022,2022
2022-06-03,1919,06-2022,2022
2022-06-04,690,06-2022,2022
2022-06-05,778,06-2022,2022
2022-06-06,2252,06-2022,2022
2022-06-07,2492,06-2022,2022
2022-06-08,2531,06-2022,2022
2022-06-09,2784,06-2022,2022
2022-06-10,2371,06-2022,2022
2022-06-11,727,06-2022,2022
2022-06-12,911,06-2022,2022
2022-06-13,2426,06-2022,2022
2022-06-14,2493,06-2022,2022
2022-06-15,2630,06-2022,2022
2022-06-16,2241,06-2022,2022
2022-06-17,1913,06-2022,2022
2022-06-18,760,06-2022,2022
2022-06-19,785,06-2022,2022
2022-06-20,1997,06-2022,2022
2022-06-21,2462,06-2022,2022
2022-06-22,2540,06-2022,2022
2022-06-23,2194,06-2022,2022
2022-06-24,1855,06-2022,2022
2022-06-25,668,06-2022,2022
2022-06-26,729,06-2022,2022
2022-06-27,2210,06-2022,2022
2022-06-28,2353,06-2022,2022
2022-06-29,2164,06-2022,2022
2022-06-30,2064,06-2022,2022
2022-07-01,1591,07-2022,2022
2022-07-02,613,07-2022,2022
2022-07-03,657,07-2022,2022
2022-07-04,1565,07-2022,2022
2022-07-05,2125,07-2022,2022
2022-07-06,2237,07-2022,2022
2022-07-07,2379,07-2022,2022
2022-07-08,1668,07-2022,2022
2022-07-09,732,07-2022,2022
2022-07-10,688,07-2022,2022
2022-07-11,1930,07-2022,2022
2022-07-12,2387,07-2022,2022
2022-07-13,2319,07-2022,2022
2022-07-14,2098,07-2022,2022
2022-07-15,1804,07-2022,2022
2022-07-16,664,07-2022,2022
2022-07-17,804,07-2022,2022
2022-07-18,2085,07-2022,2022
2022-07-19,1957,07-2022,2022
2022-07-20,2089,07-2022,2022
2022-07-21,2127,07-2022,2022
2022-07-22,1813,07-2022,2022
2022-07-23,698,07-2022,2022
2022-07-24,764,07-2022,2022
2022-07-25,2036,07-2022,2022
2022-07-26,2013,07-2022,2022
2022-07-27,2292,07-2022,2022
2022-07-28,1986,07-2022,2022
2022-07-29,1759,07-2022,2022
2022-07-30,718,07-2022,2022
2022-07-31,620,07-2022,2022
2022-08-01,1744,08-2022,2022
2022-08-02,2258,08-2022,2022
2022-08-03,1943,08-2022,2022
2022-08-04,1938,08-2022,2022
2022-08-05,1658,08-2022,2022
2022-08-06,709,08-2022,2022
2022-08-07,807,08-2022,2022
2022-08-08,1942,08-2022,2022
2022-08-09,2122,08-2022,2022
2022-08-10,2211,08-2022,2022
2022-08-11,1997,08-2022,2022
2022-08-12,1609,08-2022,2022
2022-08-13,617,08-2022,2022
2022-08-14,657,08-2022,2022
2022-08-15,1612,08-2022,2022
2022-08-16,2175,08-2022,2022
2022-08-17,2039,08-2022,2022
2022-08-18,2116,08-2022,2022
2022-08-19,1803,08-2022,2022
2022-08-20,674,08-2022,2022
2022-08-21,855,08-2022,2022
2022-08-22,1898,08-2022,2022
2022-08-23,2428,08-2022,2022
2022-08-24,2179,08-2022,2022
2022-08-25,2287,08-2022,2022
2022-08-26,1593,08-2022,2022
2022-08-27,664,08-2022,2022
2022-08-28,774,08-2022,2022
2022-08-29,1731,08-2022,2022
2022-08-30,2312,08-2022,2022
2022-08-31,2370,08-2022,2022
2022-09-01,2119,09-2022,2022
2022-09-02,1975,09-2022,2022
2022-09-03,563,09-2022,2022
2022-09-04,617,09-2022,2022
2022-09-05,1410,09-2022,2022
2022-09-06,2275,09-2022,2022
2022-09-07,2334,09-2022,2022
2022-09-08,2453,09-2022,2022
2022-09-09,1908,09-2022,2022
2022-09-10,758,09-2022,2022
2022-09-11,758,09-2022,2022
2022-09-12,2397,09-2022,2022
2022-09-13,2643,09-2022,2022
2022-09-14,2501,09-2022,2022
2022-09-15,2762,09-2022,2022
2022-09-16,2336,09-2022,2022
2022-09-17,765,09-2022,2022
2022-09-18,798,09-2022,2022
2022-09-19,2524,09-2022,2022
2022-09-20,3380,09-2022,2022
2022-09-21,3996,09-2022,2022
2022-09-22,4029,09-2022,2022
2022-09-23,3271,09-2022,2022
2022-09-24,844,09-2022,2022
2022-09-25,882,09-2022,2022
2022-09-26,3692,09-2022,2022
2022-09-27,4253,09-2022,2022
2022-09-28,1967,09-2022,2022
2022-09-29,1799,09-2022,2022
2022-09-30,2108,09-2022,2022
2022-10-01,776,10-2022,2022
2022-10-02,875,10-2022,2022
2022-10-03,3306,10-2022,2022
2022-10-04,5968,10-2022,2022
2022-10-05,4795,10-2022,2022
2022-10-06,3998,10-2022,2022
2022-10-07,4189,10-2022,2022
2022-10-08,1455,10-2022,2022
2022-10-09,929,10-2022,2022
2022-10-10,3613,10-2022,2022
2022-10-11,4053,10-2022,2022
2022-10-12,4428,10-2022,2022
2022-10-13,4329,10-2022,2022
2022-10-14,3300,10-2022,2022
2022-10-15,1124,10-2022,2022
2022-10-16,1054,10-2022,2022
2022-10-17,4093,10-2022,2022
2022-10-18,5066,10-2022,2022
2022-10-19,4428,10-2022,2022
2022-10-20,5130,10-2022,2022
2022-10-21,4991,10-2022,2022
2022-10-22,873,10-2022,2022
2022-10-23,1091,10-2022,2022
2022-10-24,5597,10-2022,2022
2022-10-25,6245,10-2022,2022
2022-10-26,5817,10-2022,2022
2022-10-27,5154,10-2022,2022
2022-10-28,4396,10-2022,2022
2022-10-29,977,10-2022,2022
2022-10-30,1369,10-2022,2022
2022-10-31,5029,10-2022,2022
2022-11-01,5822,11-2022,2022
2022-11-02,7996,11-2022,2022
2022-11-03,7956,11-2022,2022
2022-11-04,6768,11-2022,2022
2022-11-05,2368,11-2022,2022
2022-11-06,2084,11-2022,2022
2022-11-07,7265,11-2022,2022
2022-11-08,6974,11-2022,2022
2022-11-09,7017,11-2022,2022
2022-11-10,6739,11-2022,2022
2022-11-11,6009,11-2022,2022
2022-11-12,2229,11-2022,2022
2022-11-13,1935,11-2022,2022
2022-11-14,5360,11-2022,2022
2022-11-15,6060,11-2022,2022
2022-11-16,6277,11-2022,2022
2022-11-17,6534,11-2022,2022
2022-11-18,3592,11-2022,2022
2022-11-19,997,11-2022,2022
2022-11-20,1035,11-2022,2022
2022-11-21,3705,11-2022,2022
2022-11-22,4552,11-2022,2022
2022-11-23,3735,11-2022,2022
2022-11-24,2956,11-2022,2022
2022-11-25,2871,11-2022,2022
2022-11-26,1013,11-2022,2022
2022-11-27,1053,11-2022,2022
2022-11-28,5466,11-2022,2022
2022-11-29,6121,11-2022,2022
2022-11-30,6836,11-2022,2022
2022-12-01,6820,12-2022,2022
2022-12-02,4784,12-2022,2022
2022-12-03,1132,12-2022,2022
2022-12-04,1064,12-2022,2022
2022-12-05,4925,12-2022,2022
2022-12-06,4980,12-2022,2022
2022-12-07,5308,12-2022,2022
2022-12-08,4779,12-2022,2022
2022-12-09,4327,12-2022,2022
2022-12-10,820,12-2022,2022
2022-12-11,824,12-2022,2022
2022-12-12,5032,12-2022,2022
2022-12-13,5104,12-2022,2022
2022-12-14,5102,12-2022,2022
2022-12-15,4534,12-2022,2022
2022-12-16,3969,12-2022,2022
2022-12-17,769,12-2022,2022
2022-12-18,656,12-2022,2022
2022-12-19,4280,12-2022,2022
2022-12-20,4679,12-2022,2022
2022-12-21,4119,12-2022,2022
2022-12-22,3621,12-2022,2022
2022-12-23,2217,12-2022,2022
2022-12-24,535,12-2022,2022
2022-12-25,370,12-2022,2022
2022-12-26,924,12-2022,2022
2022-12-27,2133,12-2022,2022
2022-12-28,2145,12-2022,2022
2022-12-29,2081,12-2022,2022
2022-12-30,1677,12-2022,2022
2022-12-31,493,12-2022,2022
2023-01-01,376,01-2023,2023
2023-01-02,1681,01-2023,2023
2023-01-03,4025,01-2023,2023
2023-01-04,4372,01-2023,2023
2023-01-05,3977,01-2023,2023
2023-01-06,3389,01-2023,2023
2023-01-07,685,01-2023,2023
2023-01-08,685,01-2023,2023
2023-01-09,4293,01-2023,2023
2023-01-10,4786,01-2023,2023
2023-01-11,4922,01-2023,2023
2023-01-12,4919,01-2023,2023
2023-01-13,3792,01-2023,2023
2023-01-14,838,01-2023,2023
2023-01-15,1009,01-2023,2023
2023-01-16,3424,01-2023,2023
2023-01-17,5696,01-2023,2023
2023-01-18,5478,01-2023,2023
2023-01-19,5177,01-2023,2023
2023-01-20,4906,01-2023,2023
2023-01-21,1177,01-2023,2023
2023-01-22,1219,01-2023,2023
2023-01-23,4774,01-2023,2023
2023-01-24,5399,01-2023,2023
2023-01-25,5361,01-2023,2023
2023-01-26,5170,01-2023,2023
2023-01-27,4627,01-2023,2023
2023-01-28,904,01-2023,2023
2023-01-29,1056,01-2023,2023
2023-01-30,5462,01-2023,2023
2023-01-31,5959,01-2023,2023
2023-02-01,5631,02-2023,2023
2023-02-02,5762,02-2023,2023
2023-02-03,5073,02-2023,2023
2023-02-04,913,02-2023,2023
2023-02-05,931,02-2023,2023
2023-02-06,4837,02-2023,2023
2023-02-07,5263,02-2023,2023
2023-02-08,5536,02-2023,2023
2023-02-09,4978,02-2023,2023
2023-02-10,4448,02-2023,2023
2023-02-11,888,02-2023,2023
2023-02-12,780,02-2023,2023
2023-02-13,3922,02-2023,2023
2023-02-14,4717,02-2023,2023
2023-02-15,5142,02-2023,2023
2023-02-16,4931,02-2023,2023
2023-02-17,4528,02-2023,2023
2023-02-18,982,02-2023,2023
2023-02-19,897,02-2023,2023
2023-02-20,3635,02-2023,2023
2023-02-21,5285,02-2023,2023
2023-02-22,5247,02-2023,2023
2023-02-23,4860,02-2023,2023
2023-02-24,4192,02-2023,2023
2023-02-25,962,02-2023,2023
2023-02-26,903,02-2023,2023
2023-02-27,4312,02-2023,2023
2023-02-28,4701,02-2023,2023
2023-03-01,4785,03-2023,2023
2023-03-02,4279,03-2023,2023
2023-03-03,3508,03-2023,2023
2023-03-04,784,03-2023,2023
2023-03-05,726,03-2023,2023
2023-03-06,4099,03-2023,2023
2023-03-07,4782,03-2023,2023
2023-03-08,4879,03-2023,2023
2023-03-09,5225,03-2023,2023
2023-03-10,4201,03-2023,2023
2023-03-11,821,03-2023,2023
2023-03-12,917,03-2023,2023
2023-03-13,4691,03-2023,2023
2023-03-14,5075,03-2023,2023
2023-03-15,5909,03-2023,2023
2023-03-16,4967,03-2023,2023
2023-03-17,6043,03-2023,2023
2023-03-18,1571,03-2023,2023
2023-03-19,1145,03-2023,2023
2023-03-20,4431,03-2023,2023
2023-03-21,4661,03-2023,2023
2023-03-22,5074,03-2023,2023
2023-03-23,4810,03-2023,2023
2023-03-24,4281,03-2023,2023
2023-03-25,986,03-2023,2023
2023-03-26,1259,03-2023,2023
2023-03-27,6938,03-2023,2023
2023-03-28,7037,03-2023,2023
2023-03-29,7275,03-2023,2023
2023-03-30,5912,03-2023,2023
2023-03-31,4550,03-2023,2023
2023-04-01,832,04-2023,2023
2023-04-02,844,04-2023,2023
2023-04-03,5431,04-2023,2023
2023-04-04,5816,04-2023,2023
2023-04-05,5520,04-2023,2023
2023-04-06,6323,04-2023,2023
2023-04-07,5170,04-2023,2023
2023-04-08,873,04-2023,2023
2023-04-09,700,04-2023,2023
2023-04-10,5463,04-2023,2023
2023-04-11,5373,04-2023,2023
2023-04-12,4786,04-2023,2023
2023-04-13,5078,04-2023,2023
2023-04-14,4361,04-2023,2023
2023-04-15,1290,04-2023,2023
2023-04-16,1027,04-2023,2023
2023-04-17,4888,04-2023,2023
2023-04-18,6095,04-2023,2023
2023-04-19,5968,04-2023,2023
2023-04-20,5582,04-2023,2023
2023-04-21,4621,04-2023,2023
2023-04-22,907,04-2023,2023
2023-04-23,824,04-2023,2023
2023-04-24,5427,04-2023,2023
2023-04-25,5802,04-2023,2023
2023-04-26,40524,04-2023,2023
2023-04-27,6937,04-2023,2023
2023-04-28,5997,04-2023,2023
2023-04-29,1227,04-2023,2023
2023-04-30,965,04-2023,2023
2023-05-01,4677,05-2023,2023
2023-05-02,10432,05-2023,2023
2023-05-03,7945,05-2023,2023
2023-05-04,9998,05-2023,2023
2023-05-05,10677,05-2023,2023
2023-05-06,1467,05-2023,2023
2023-05-07,1607,05-2023,2023
2023-05-08,8085,05-2023,2023
2023-05-09,10273,05-2023,2023
2023-05-10,7110,05-2023,2023
2023-05-11,8250,05-2023,2023
2023-05-12,6381,05-2023,2023
2023-05-13,1445,05-2023,2023
2023-05-14,1072,05-2023,2023
2023-05-15,6629,05-2023,2023
2023-05-16,7970,05-2023,2023
2023-05-17,7980,05-2023,2023
2023-05-18,8693,05-2023,2023
2023-05-19,6459,05-2023,2023
2023-05-20,1337,05-2023,2023
2023-05-21,1062,05-2023,2023
2023-05-22,7409,05-2023,2023
2023-05-23,8795,05-2023,2023
2023-05-24,7881,05-2023,2023
2023-05-25,12965,05-2023,2023
2023-05-26,9122,05-2023,2023
2023-05-27,2001,05-2023,2023
2023-05-28,1166,05-2023,2023
2023-05-29,2963,05-2023,2023
2023-05-30,9521,05-2023,2023
2023-05-31,9459,05-2023,2023
2023-06-01,10481,06-2023,2023
2023-06-02,7769,06-2023,2023
2023-06-03,2813,06-2023,2023
2023-06-04,2283,06-2023,2023
2023-06-05,6781,06-2023,2023
2023-06-06,9413,06-2023,2023
2023-06-07,7077,06-2023,2023
2023-06-08,7430,06-2023,2023
2023-06-09,9217,06-2023,2023
2023-06-10,1388,06-2023,2023
2023-06-11,891,06-2023,2023
2023-06-12,7163,06-2023,2023
2023-06-13,7958,06-2023,2023
2023-06-14,7995,06-2023,2023
2023-06-15,8448,06-2023,2023
2023-06-16,6987,06-2023,2023
2023-06-17,2631,06-2023,2023
2023-06-18,2227,06-2023,2023
2023-06-19,6687,06-2023,2023
2023-06-20,9608,06-2023,2023
2023-06-21,8488,06-2023,2023
2023-06-22,8906,06-2023,2023
2023-06-23,6293,06-2023,2023
2023-06-24,1564,06-2023,2023
2023-06-25,1529,06-2023,2023
2023-06-26,7188,06-2023,2023
2023-06-27,7133,06-2023,2023
2023-06-28,6833,06-2023,2023
2023-06-29,6179,06-2023,2023
2023-06-30,5394,06-2023,2023
2023-07-01,1767,07-2023,2023
2023-07-02,1290,07-2023,2023
2023-07-03,4430,07-2023,2023
2023-07-04,3818,07-2023,2023
2023-07-05,6039,07-2023,2023
2023-07-06,7216,07-2023,2023
2023-07-07,6203,07-2023,2023
2023-07-08,1096,07-2023,2023
2023-07-09,1213,07-2023,2023
2023-07-10,7496,07-2023,2023
2023-07-11,9513,07-2023,2023
2023-07-12,7723,07-2023,2023
2023-07-13,7306,07-2023,2023
2023-07-14,4660,07-2023,2023
2023-07-15,1920,07-2023,2023
2023-07-16,1846,07-2023,2023
2023-07-17,7106,07-2023,2023
2023-07-18,6922,07-2023,2023
2023-07-19,7120,07-2023,2023
2023-07-20,5711,07-2023,2023
2023-07-21,4843,07-2023,2023
2023-07-22,1104,07-2023,2023
2023-07-23,1978,07-2023,2023
2023-07-24,6278,07-2023,2023
2023-07-25,7132,07-2023,2023
2023-07-26,6695,07-2023,2023
2023-07-27,6420,07-2023,2023
2023-07-28,5252,07-2023,2023
2023-07-29,1336,07-2023,2023
2023-07-30,1047,07-2023,2023
2023-07-31,5860,07-2023,2023
2023-08-01,6833,08-2023,2023
2023-08-02,7276,08-2023,2023
2023-08-03,5811,08-2023,2023
2023-08-04,4159,08-2023,2023
2023-08-05,1144,08-2023,2023
2023-08-06,2566,08-2023,2023
2023-08-07,7948,08-2023,2023
2023-08-08,12250,08-2023,2023
2023-08-09,12834,08-2023,2023
2023-08-10,12486,08-2023,2023
2023-08-11,10888,08-2023,2023
2023-08-12,1096,08-2023,2023
2023-08-13,5339,08-2023,2023
2023-08-14,8813,08-2023,2023
2023-08-15,6766,08-2023,2023
2023-08-16,12740,08-2023,2023
2023-08-17,7634,08-2023,2023
2023-08-18,4997,08-2023,2023
2023-08-19,1867,08-2023,2023
2023-08-20,1388,08-2023,2023
2023-08-21,5868,08-2023,2023
2023-08-22,7322,08-2023,2023
2023-08-23,6863,08-2023,2023
2023-08-24,8884,08-2023,2023
2023-08-25,9611,08-2023,2023
2023-08-26,1447,08-2023,2023
2023-08-27,1579,08-2023,2023
2023-08-28,7619,08-2023,2023
2023-08-29,6411,08-2023,2023
2023-08-30,6924,08-2023,2023
2023-08-31,5975,08-2023,2023
2023-09-01,4878,09-2023,2023
2023-09-02,1278,09-2023,2023
2023-09-03,984,09-2023,2023
2023-09-04,3427,09-2023,2023
2023-09-05,7457,09-2023,2023
2023-09-06,7266,09-2023,2023
2023-09-07,6996,09-2023,2023
2023-09-08,5886,09-2023,2023
2023-09-09,1868,09-2023,2023
2023-09-10,1538,09-2023,2023
2023-09-11,7332,09-2023,2023
2023-09-12,9208,09-2023,2023
2023-09-13,7126,09-2023,2023
2023-09-14,7808,09-2023,2023
2023-09-15,5278,09-2023,2023
2023-09-16,1926,09-2023,2023
2023-09-17,1420,09-2023,2023
2023-09-18,6035,09-2023,2023
2023-09-19,12436,09-2023,2023
2023-09-20,26605,09-2023,2023
2023-09-21,33048,09-2023,2023
2023-09-22,16808,09-2023,2023
2023-09-23,9295,09-2023,2023
2023-09-24,14954,09-2023,2023
2023-09-25,12964,09-2023,2023
2023-09-26,6336,09-2023,2023
2023-09-27,6286,09-2023,2023
2023-09-28,5305,09-2023,2023
2023-09-29,3736,09-2023,2023
2023-09-30,1013,09-2023,2023
2023-10-01,1163,10-2023,2023
2023-10-02,4249,10-2023,2023
2023-10-03,5159,10-2023,2023
2023-10-04,5284,10-2023,2023
2023-10-05,5625,10-2023,2023
2023-10-06,4670,10-2023,2023
2023-10-07,1821,10-2023,2023
2023-10-08,1278,10-2023,2023
2023-10-09,5306,10-2023,2023
2023-10-10,5820,10-2023,2023
2023-10-11,5396,10-2023,2023
2023-10-12,5176,10-2023,2023
2023-10-13,4145,10-2023,2023
2023-10-14,2019,10-2023,2023
2023-10-15,1307,10-2023,2023
2023-10-16,2639,10-2023,2023
